zakuza,94b418bf-4798-3ab3-b40f-1535d52bf2e6
uchiha,d326430c-4975-36ab-9335-c003a452285e
hlap,0ce94cc2-d378-32f7-8a61-60cadea9f12c
thanhdien,a3a0d148-de84-3e59-8fac-f6e01d73d85e
d4ptra1,3915f841-7499-33c7-9dd9-c0522a8cfcfb
hainhobe789,11054df7-851a-33c0-9555-bb794f818e2d
frankonlyc,c55a22fd-990f-39cc-8892-b952b50ad9dd
minecc,de5a98c7-1ff7-3b55-bcdc-c129813c8901
shaker,4a3bf94e-0cd9-3b3f-8560-1ae08d2cb211
jenk,fc04ad96-b1b1-37e3-bf2a-4ed58a132d20
town_hieunho,162f4227-8931-32fd-9dcf-6b69e22e4d78
tuaqqsuki,032ed4c2-7fa1-335c-9904-1db43f378631
tinhtinhdiacau,5654f5b1-3cb9-3878-a888-ecae01dedb82
death_artist,ddaa883b-a3d8-3eb4-9bd9-0c94ae40c88d
hung09,b76da0bf-5343-3c8a-a699-45e706ae574f
kinglord,290b72f6-e728-3cf9-a4a3-34dd5a8ce4d0
0123,579a856b-c3b8-390a-a43c-0bc7593f1c40
bokocanbiet,6209e77c-210e-3b2c-b9fa-ae9772ba73ff
kubi_thieu,57d7a063-0e10-36b0-87b4-004844095e14
namrunbon,993c9c41-a23a-33fb-80ff-6eecfea950f7
sk8erace1,1ebcc972-bcfb-33a1-ac50-3f5a67918d77
hackerboyvip,c8901d6e-2c22-343b-abbf-6b272368e2d2
asuna_chan,cd656563-f7df-3a24-9c99-468357334033
town_fuckpo,ebe2dc4c-360a-3b88-9d6e-2b736c14a5f9
nguyendat,54e68cf0-1834-3410-9ced-072a1d3dca5e
thanghung,b358ad37-678c-3a63-a522-e4f594e48566
dargon_citi,2a042a53-ded5-351a-8141-7ba7eeb11dea
pool,036e31ea-2304-3a5a-bfbc-be0c08450f58
0965918681,ea8e6666-2bfa-3b6d-b4b1-2106b1a14f1f
magicius,3d476066-34f5-3d14-90d3-7a0e6a7dc8b5
hung19,a706bc17-4eb4-37b5-894e-d087dd45eb15
dasdfasdw,72216ae1-9d99-3ef1-8090-8de6d7cd95d4
_n2ychcpb7vsh14c,f02f2bbe-690b-3928-ac5d-7a6db9861697
asdsas,3e30a03c-21cc-3544-a39f-9d5811fa1fdf
nhoclaanh,65c400b7-8661-3a8f-8b72-411a7ce33a9e
town_khanhhuyen,4ebc7513-02bd-3d18-a4cb-26bb6e1fdc9b
gggggggggggggg,e621ef82-b5bd-38ef-8b7b-615295ddf294
vip_159753,6af89275-a1a4-343a-9e34-e8357c5f5ef3
omocan,8ae52918-233c-38a2-aa24-74198f37e85d
anhvi,85c5243a-dc0a-397c-b730-23cbc36cce66
aduhacknao,026b87fc-2cf6-33a8-b032-2a32f00362eb
wreathlit,ccd1358a-c81c-31af-bec8-89a768878c57
cutikin,c7bc0b83-8338-3249-bf55-f37e7477945b
felltom,b40e55c6-0a96-3674-b2f3-34b21e554325
___anh1___,9f93fb48-87a6-3ad6-a9e4-a7d153040e61
xenowzzonyoutube,0c5f1f36-7aa1-376b-9615-274b5ac071ff
town_huynhtrang,85eae884-7841-374a-bfd6-2a95486f9bd1
vupro5135,08ac2782-cd72-3407-88b8-2794ce7495d6
bigtail,5c6af397-9502-3aeb-8c62-098f43144552
dz001,7f907676-f3a7-3bd2-99b7-a63f414a69fa
tiengia,b5c4ea11-d30f-372e-9d4d-18a32f97f7e0
khanhzoro,1eb095f4-95ec-3cee-8f69-1811d22a1194
pelus132,f9cb9adb-2bdc-3060-ae51-beab803e547e
tinhtinhtraidat,924118b5-dd20-3337-9fa9-3cdb96cc8a05
linhtinh,4755b09e-e288-3a51-a309-96775f3b6732
thanh,f08e55e3-e673-35d6-afca-36dd6ee47074
0155,beef4e1e-96f2-3181-ac49-b23c8f57818c
town_thanglung147,8099606e-e326-3467-bf33-f8a824c4e506
ixbrave,9b6324c8-f165-3a89-9d44-c7b0d73c7c20
binhnb,8e9c3c59-889e-313f-9885-1c423ee0ad06
linhdanhthue,66acf791-af96-33d6-a2b6-e02637c61763
xdarkar,c9fea742-309c-37b1-aeeb-34a73cc2f202
cutiti,68928642-6d74-3f66-a61d-1cde2b97c106
skt789,8f92c8e7-6717-34cc-aa5a-cab7af5b4c21
nhattancuanat,cf26dc18-4111-359d-a9dc-0a4ea5c003cc
baocac123,77a47d14-996e-3638-b3a4-92acad2f53fd
anhmon,53e93ec4-91f9-3560-acc8-a0d0bbce5076
town_mars_mleviard,029c6819-e65b-3576-8537-f3da8c5479b5
ezreal,3aab10ad-74ac-35a7-b9c9-86dd3962a957
bissto,114f1282-c2e7-34cc-9af4-36a662d67ea7
qweasd,927db2ae-acca-3d24-9c86-8705ee5374ba
town_trungga,f384f2bc-a04e-3d04-93a6-91b352365d63
giap,e7f7e6df-b580-3cf3-9476-ce5e455a5319
thebuilder,9ad3edf2-c2de-33ef-97f1-c4d86434e2c6
town_ditnhau,c0d6e187-074a-3ab5-be31-6d05181eb14b
lukaku,dbf7d01f-261c-312c-a5b7-4159ea833b1e
sakjgamer,132a14d1-53d2-3d17-bd16-14adf3f45be1
thekidgaming,fe7cbd35-867f-3ee7-b350-489de5e3fd90
adasdaf,86c7d6e1-ba0a-347d-a8be-eed959d7ca94
clone_mmail,2ebd4398-dbd6-37df-a6ce-c2fa4fd3c453
emerald,4b044652-3d69-3121-bb0d-fcd8f8023e97
yeuanhnhat,ec2c5ada-77f7-3200-9f47-1a4cbbc65980
chinh_tattoo,91492959-e129-3b44-9433-b06cb9e1bb66
town_tuham,59c1d5cd-ba32-3f47-a9a2-b6f9587cf412
quocvuong,6d79ba24-6869-3d5c-a8a2-205bed0120cb
kuan911,ac6dfcb0-348c-38e5-9ef4-43376a6b3c29
kiritokun,499303b6-4b2d-3f23-9fb2-93ea82e1d131
kalasy,8cb155fb-5a16-3bb7-bd90-5e2954550445
sieucap,795c5a6d-22ea-3d71-9d12-abcc387c9876
hoang96qt,adcf9522-c6af-3ace-9916-ef83d2105767
kunzed1,f07ffdeb-2532-3b72-b20f-922f80d4f30c
godlive,d35b3df3-9d10-34a3-96c1-5b06571cbf5a
town_pvp,1d006594-12df-3bba-be81-ab4f74e03777
khoacar3,6b9081c9-2cc7-3446-acb1-8cdda1dc9ca4
lukaka,4bc64fc4-db72-37fc-8e91-5684040e5b33
thanhsu,ca5f4935-4970-333b-99dc-fcfc42326350
arhi,4917e6a7-e57c-3c25-9f95-7ba7b39fc2e7
emkokon335,da7e81f9-c036-3a2c-a17e-e3e985d66e9a
khanhvip1,57160531-5774-3ffe-b4ce-7a523d281003
town_osincuabx,4be2a413-74d2-37df-ba63-fd26951fc2ef
ottocar,e7b22a81-78ac-3ec5-82f9-90fcba1137e9
anhminhdien,9912db09-1db6-3dfc-ba87-e72e69144ec4
hotppluber,bc7f2c51-450f-3ab4-b02b-1fc305402c57
huybest,033d5e98-a8be-3b75-a3d1-1b6f733fefa2
liua,6b392b2f-0b68-34fc-b0a3-8ede243e272d
soidai0147,4a4ee45c-5d38-3f50-8f8b-490ec28cb9b2
tuankhodo,1d4394ec-6588-3e16-892a-bb3960f73fae
kaito_kid,66391cbb-2b14-33bd-986c-bb98efbb4af7
trieu,92534aee-3c74-3d6f-9775-c904f9e22493
queena,dec87870-7fc7-3994-91b6-9e4e10e65977
mylover61,c755535d-0906-35e9-854b-8b2be8eaf83e
fizzzzzz,1d3133dd-261c-3d1e-a6ec-5bc2a502dd21
ronoarazoro,2a41f3a0-f952-3525-b746-762e43443235
duccongcu123,d6b3bb6d-3c39-3439-80ef-152c5d64cb9e
truonganlove,f2296237-f529-316d-b86f-733576e0b567
tipuong,f5d83ceb-fc5e-3f3b-ba90-3be5901434f8
chinh_tatto,234ca71c-5e31-3fb1-b5e7-f87c4867e921
town_anhtai,afeb44a8-7b45-318a-bdb3-26aee39ac950
i_love,ced75dac-6368-3bd1-a152-ceab4a04ee95
kuro,0a12e6c1-05cd-3604-bd93-fa5ed6ba33c5
onghangxom,1cd0fd39-cdd2-338a-8a64-08cbeead38d5
4567,903b9a2f-b99b-3f93-9f20-5d848cef704c
darkness,630fcc2d-d57d-3eb9-8ac6-fb917babfb81
phatpro,f928a86e-cfdc-3a05-8556-e564293709e5
thepro2016,188fe780-b6d8-35da-bbf1-fd7f9c960ff6
efafa,1b56d133-ee5f-3413-99e5-2b4d6821a63c
fuckoa,cc738218-cd50-39b9-b6a9-4204913b2c2d
duvip158369,e2b1d1d2-80c2-35bc-a648-ee8d7fb86d1f
kamazoto,19298acf-1411-3d8b-97de-37161cf7b2c2
anhemketnghia3,8e0c2cd0-8d17-31a4-97c4-e0e7cc064edf
bilgtk22,03b2f341-3fe3-36e7-bd2e-ba845fb39daf
hoang3409,f0a9cb55-ae72-3db4-ac59-4153c1d8dc20
vip_15987,731ca79b-a17a-3461-a50d-03f0831f5404
da123,49fb9078-a060-3254-bf7a-6af9e5fc5492
nguyeny1,5ce8eb34-13f7-34e1-9aca-12e88271a424
truong,183148db-2b6c-3fce-b85e-e70a1831813e
huyjaki2,99fe1107-0b15-37a5-a633-6eafd24c61e3
mr_win_ls,80be3f8b-4d25-361c-aee7-c70bfc9fe413
musrivn,3bb3056b-3cb6-31a5-b9f5-e5334a576ae6
yp_eavpezrckltqq,665fd68a-945b-3f16-b8f8-100fd418dac2
123456789sada,8d4d7fae-00c9-3336-989f-86bf87a2c7e1
minh_me147ccsdw,ffb591dc-7475-3169-bccd-3a5c9d5cb6f3
town_huyen,b983e928-237e-305e-88f6-ff4639366bd7
thangpro,ce013bc1-4345-38f4-a37c-ebfda0a7ba8b
minh_me,1b9791c4-bc08-3e0d-b56a-1d2b8c84426e
sonpro,08fb1d42-7f9a-3fb9-83e6-dbc77b6aa8a5
mars_mleviard,b6edad50-cb77-30a5-8cb8-65ff98957f88
hieu123,32dc733b-facd-335a-a373-4caae8def267
leesin0,4a712d64-3cec-3c3b-b58f-d73863631a94
fire_gril,e3f70fd7-43f2-32c2-bc78-1dc7c496c54b
aaa132,2f3db3e4-ed31-34d8-ae19-fe2ae07fef5c
qwer,5aca014f-f927-3828-b0be-b26ba36ec6d0
nonoxinthaem,d5731d64-c7ee-3dfd-b9b0-1e7ce8b1d597
dragon_kit,61819688-ca66-319b-a819-d354a552992d
niss,a7f89ab5-5a81-31ed-86b1-439fca429dc1
o7bktbz3r00yvw2q,d9d7f076-bac7-3248-a7d7-82d03505eb27
vinhvinhvinh,6412cd44-a86b-36f5-b854-6797f29df1f2
hacker,5f4fb526-42e3-3440-b37f-e61d207f8aee
town_binhmatcat,1ecfe794-a372-30ab-a5c9-8b6eb749ea88
nguyendat123,0d5c0397-2bc8-3df4-a9e4-0a6383ee0679
god_god,0070aa6c-c43c-3697-8d6d-8b7ca3f9d6c1
oqeeggmxrax77eno,bd456bc1-230f-3dfd-8559-fc5e8beec5a9
ligther,288baf1b-a75a-38af-8fe4-90acac206624
nhatancuanat,874df501-ca5d-3974-bceb-d5406daff4e8
skt147,c2f1ee29-f9be-3aa5-9256-47eae1a69777
baomap1,dcf3f993-0e44-38b3-8511-ec19230a664a
retben159,a30abdf8-988f-30db-8745-848681e29c73
mmail,05a6d3be-8316-3151-9b18-65523a88a67e
lala,e6a97ce1-1109-3075-b5d5-a8cb138991b0
town_euro1,89d34d26-7401-395f-89ec-6dcb83bb357e
best_ml_pvp,09ba9203-a0b0-3579-9f85-b2cfabb75e16
prowind,b58fa868-28d3-35b6-8549-757c5046d2a2
miss_elisa,036a8340-5744-3f34-ab49-685a460fc569
sdssaa,58332a61-0afb-3e69-af83-af62ab84ad79
yag9mte4hkgvnn1u,bfe424c7-7260-38dc-94e4-596ce04b85d7
zivol,d0634467-1071-378a-9eea-605513defc3c
andy,e89ebd72-61f6-3384-bbba-f8256df5f034
rffu80wzhljzswhx,7cbff74e-89ab-305b-92c2-8bd8019675b4
tony,74246128-5606-39b8-a194-2c11e5231ef9
by_timo,7146b442-2d11-3fd7-b77b-79316be5eadc
nhox_lay964,473e4ecf-ec4c-3b9b-a1af-6aa820e8f473
anh123,adcce329-c500-3cb5-ad4b-b82f1700542e
dothe,d3dedf71-a166-31da-add6-250dfc3c5ed0
khoinhi123,a08d2429-fbac-314d-a28d-06b8e39d6c54
soainhi,c206b986-0731-3298-9cb7-8c307af316b9
noonooxinthaem,2d785e45-0c65-3e21-a574-277b70187978
eisblut,7231471e-eb59-38a6-ac61-820a3599ad3a
asdasdasd,4bbb6c3d-ac9f-37c7-a896-8ead982d25a7
skt123,9410e2a8-f0fc-34d6-b5f7-c01a794ca6e4
chicken,ec5b73f4-8ad1-389a-a579-08d4703d43bd
aly10,8cf36061-5ec6-3b42-8b8f-c6219278341b
phongcepteai123,7982cadd-0a63-37dd-a310-b7820037a62a
saracake,c0655cbb-ca4d-3ffe-9fe8-383e8c0697df
wtf_cuteboy1,f50a7f26-fbbf-3856-8973-a02d27292e83
basala,1df7db1e-d1a2-3ec3-9b06-67f4da5c6ead
thangmonster,c7336dde-8d26-36d0-a113-de8e6122ed7f
luan174,2481a1bc-4fb4-3e4f-9c40-7fcff1e8440c
wecomeplay,7e3b98ac-77ce-3902-a8ef-48de18abfe26
halloweens,2d2a1348-4ba0-3e19-890e-0d54de706094
chau01,95191455-e729-34f5-beef-3a6306508201
killer_josh,d78238cb-0566-31a2-8e65-d20f5e1c7e99
kawaiisushii_,35ca4b5c-7518-314c-afdb-a00a8c79ad84
minh_me147cc,99e7a73f-5735-3374-b011-9f77c4ce81f6
oopshuy,1cb73470-9f44-30e5-a2da-c1de813041d5
hungthang,5d6616af-f62a-3e46-9e7a-bb3f9193976c
sang_yen,2a79593b-2ccd-311b-86ff-b92eb4e8ceab
wtf_cuteboy,45075f91-244c-376b-a295-aa2f01ce9b17
ben_14589,6530ca82-60ab-39df-9547-86a8f0305c61
yrerht,00d853b0-a3c3-3865-847b-e500e067037a
town_hion,414b28d0-3597-3945-b665-6b9a214d92c6
xbaros,6aaf1209-0525-3b71-b1df-25a70bb718e4
xrevenge,1f92f480-a4cd-3a9d-a8fa-38d912726e21
phong_bui,6701e28b-9b66-3b36-81aa-294f5c5659fd
fire_girl,efb8cf12-e046-35dd-a5e5-548f9d502697
tin777,ccd06cb0-5645-3239-ac70-e8ad16d6d04d
sklzesh,a193ba34-c2d8-397f-8e67-f2cd4ddb7d9a
darktwister,4d55167c-00bd-3b15-bfaa-41fa1e16b9bf
yytwa,cb0f6d7a-49c5-3556-bbe0-18a517fbccba
ccccc,ba1d134d-f131-38c4-9070-f6bfe5b96c42
rabit,173a821b-6600-3064-ac50-06c3f391b38a
hamter,e4f6e486-b959-30b0-8875-e153b46285b4
pppop,12f3fa0d-5333-34de-92fe-539e5212aede
omggame,462dc421-cf6a-328b-9c46-4ec0f4cbbc72
1lpknnc6dbj9a57b,d7f3fc34-6bc1-3dbf-a17c-70b7f6df983d
kazamaha,2a0299c2-6a50-3ead-a3e5-e9eae4925f13
ppap,e5ec3c0b-3a92-3f43-afb3-752b267c6e83
01246,c5390dd0-04b5-37a1-a7cd-49b51b77598a
cute_pro,57cb6eb5-9b17-3f1e-974f-ff364283fe30
ditmeeuro1,2e06b3b8-d682-39ae-98d9-65de5974c325
rubenpro,e3f7086c-245f-333c-b99f-232805471d0d
cushin,d87b30c2-876d-39ca-857c-41270f17c6aa
sasasas,aab24e08-defb-3b83-97cb-6cf17f1e34ad
ys2003,dc04f901-1efd-327b-b38f-137ebc9e25cf
kassa_town02,09f307c2-bf7a-311b-a381-5271a553580d
town_lulugamer6969,bc837d71-e752-3817-b60b-ea3d59f8ed29
vu_dieu,c56e45e5-f08e-3b48-b0bb-6594b75bce40
asdasdasdasd,a7f5038e-4855-3bc4-89e0-f3d80d89fbbf
town_vupro5135,88bd767f-8b8c-38e1-be6f-9806cd24143d
kassa_town01,fb7d31be-3396-3bfc-9123-0c3f16496706
nnnnnggggg,da78c906-392e-3aaf-9d6e-3ccd7a504c93
adydy,07a80618-44e7-3041-883b-aa1c7d686e1f
jhjjhj,2ed49989-229b-38c5-8a0a-0e2f5217dfb4
kidi,d2b7d817-a51f-3926-b3e9-6a20c6d4d53d
ddfghh,c74fc0e7-23f9-32c6-8092-558420207f0b
town_thanhdien,3a86d8f3-1129-359e-9b13-0b6f7ddac50f
builder,a1b1b4de-45be-3659-b2e1-5c9a1693e63b
angela10,c92cb44b-1eff-3768-ab7b-7b6457c8bfd1
thanhmai,72dcc077-282d-31ce-9b6f-080adb9cee8f
fdvgbnn,74f28836-a470-395a-9cf7-ae43a50bc789
town_djnarkasa,e9a33929-4232-38f8-a764-1db77e210252
hrrhr,bd5cf330-2074-33d2-a918-3cd7d7c6a900
red_blue,925ffeb8-a207-336c-b165-aaa68f04e134
ckienluadao,18f27553-1e95-3d48-b89e-ae085f89f63c
phat0100,8f5e10a7-016e-305d-9b22-c7e2eeadf41d
123123124123,ebb5e6fe-95d4-3961-8b26-69e268c51193
minhnguyen,2f3e9010-ca98-3cae-ac2e-fb7c9e9d6d97
tuanvotinh,00b87fae-af87-3a65-ac12-17596ebc180b
tinhtinhsaohoa,480c91cf-2a60-3ca2-a0b1-1e58d8bc3537
town_ppap,6ff558f9-73c3-3668-bc41-51fe6f9576bf
datpr,b5a5e06d-f90d-3a5c-a5f1-c88eca16fde5
haddadadad,fc5855c1-68fe-33ba-90ff-bb7b3d96357a
tybopppggss,998511c6-e1ce-3912-9ecc-cf99b4a44b2b
zaaumgsgvbcos1iw,5a9b7827-2d9a-3486-be0d-1ade5d50a88b
town_ahihi,6cdf8446-8ac4-3d8a-9f0c-a7850d21bf43
mrjisa,2c52cacf-fde0-3717-a3d9-1a62f6f4b1de
thekingpvp510,0c9c27ed-32f7-394b-b02e-7403b9f0152d
gggggggggg,a7f1e754-67b8-3048-be97-b38b03c474e3
xxtrungxx,6cc3631c-c466-3af0-8948-7ec85cf57ce1
kientrung,924e99cd-71fb-3c5e-ba6b-12a3333b0947
eeexpah,4a2170f1-16a3-3e1d-8f8f-7d4730efa7d7
thach_gaming,2d99f065-1516-3ac6-a6ab-79f1f7149c2c
kentkian,446b3952-d53d-3c04-99b9-1dc17fa05f79
kuan147,050ffdbf-24a5-3520-86dd-73931ab172ee
giap2603,2acf4e19-4bec-335a-89f8-ff4d75f97235
smokingdragon,a7c6ab32-e106-3f54-9b10-36eceeaaf786
tmlulugamer,1639106e-2838-33ff-a65d-89621efd9af6
chau_huynh,25994ab2-a95a-3cea-b7d5-ad738717c56b
cuongxemjav,366c564d-deb8-3ee4-91eb-06bdbab89936
trongames,fd98c16c-bd50-3599-9181-6c054ff9ad75
0122792115z,c4d92762-b070-3d90-aeac-0ddc73e86e56
kikia,a64d3b64-f4d2-3d9d-b2f6-4f89dce19e24
town_phat012z,17e88323-ccd7-3723-ac23-4991c6676047
hieu_123,6d27c489-24be-3fdc-91f0-1d1dfbb92712
baoben,44899545-7f02-3d02-b641-de599cea96ed
daswdea,0b2f0f45-31a3-3932-b76c-4b7a1301020d
town_minhnguyen,57a65f3c-f3fa-3ce1-bc89-de3b7c007e95
tuananh145632,764c9a06-2164-3d71-8ca4-ca281a9095fe
anhvi123,f8b793ad-3fc6-3fad-8a68-b317aa74c58c
changer_legends,736e3568-3d25-3401-accd-be81d29f82d7
ks22021991,c77b52e3-e640-36ad-9417-a07ea75dcbb0
fggfg,ed1eb684-a918-3076-ba36-3ee640a693a1
7svwnbhe_sastudr,f10d8818-5106-3c68-a588-6e8e78b9538f
phongyasuo,af1116f9-bf34-3ab8-a141-e6ec06b97c90
by_timo159,555c481a-b792-3066-ac16-50b3eb75af3b
bisky1,92b082b8-3fba-383e-bf44-4a45a1e9a65f
mirai,f1689482-5cba-3d47-868d-1ed9e623fa6d
cutidinh,6c8dbf41-9618-3505-8006-e4c16cfa3d01
shadow_warrior_,3dd689d5-dfef-3b8a-a95b-d9c2d569eca1
gadn,3fc0a89a-2f0d-3568-8b18-f070ad8f8bf2
town_kunnn,9dc762d1-eb08-31c8-903d-743691dd452c
ntan112,8536bec6-78bf-3ab7-87f0-7083b93aed0e
town_majin,b5709e14-70d9-3b2f-99d3-8d4c151944c8
kumfae,a675256b-33de-3eaf-8c1c-0ad1933af048
huyenheo98,8d287fb4-b249-3658-91ab-bc5d06d0ddf9
subra,8ce63c65-c334-3890-8e7a-efdecdaaf569
khaimc,c2dcb864-8a55-3ac6-8895-988b009af5e2
tantai557,457e2071-a36a-3ac7-afc1-662236a55aa6
cairo,17c79f03-c089-3fd9-9aac-94e5b92330cb
huhu,c337fffc-9de0-348d-8e0e-c8a19cf2ec44
baltop,cdf22270-2f14-3968-9cd2-aa931aa88810
bisky,91ce44f3-256c-3f2b-b553-d70a86a8cff1
by_timo147,6ae06cde-bdbc-3f26-a96e-d6806931f734
khoa24,3b74e428-2654-3b3d-9fc9-58eff5ba354a
town_trank,4c85918b-4f17-37b7-af2c-e43d51ef79ef
town_no,163af044-411a-3c93-82c9-afe7685737cf
cfcity,4a65a17e-6847-3520-89ec-6e57bcc843fd
luan17,e33699b9-29a1-350c-a0cd-8bc1a8f8247d
datll,f65d067d-983b-3e52-967a-b39b727f913a
tailavip,76fe8b72-7d41-3fff-a432-ab8399fd0ee9
town_kuan_tattooo,bd5b8643-98bb-3ceb-ad02-aec98b378276
meowmeowcute,886f44ec-3836-3d5b-89fb-74ac9350e408
gaga,e3006556-8ed3-3c5c-a66c-57830283c1cc
tiphuong,c4cd942b-68f4-3d14-a534-6a631236474e
giapteen,88277e41-8a4d-3a19-8f82-d874699b847b
pinho,120f6312-1aaa-31ff-81f7-23c8b18b3baa
redhunter,868659b4-382e-3395-a5e9-f190253ce9aa
viplatao123,4eade24a-361d-39ef-85eb-7a295a0e9b56
ghhgh,921a07e4-e23d-3845-9232-28097212243b
katana,b67d870c-2f24-361c-82f9-62acde9f3308
ninhbuiyou,f2d353cc-7af0-38f2-b876-7759fc87e81b
anhemketnghia235,b8dc3fa2-91f8-351a-ba28-2d76795f1387
huygh,7bee7726-7792-397f-9258-ffb1fb01acc0
huynhtrang,f20e3320-0496-37f6-8db4-47998d91862d
kunnn,4aabdc41-7953-3f2f-9c68-c6ce202c0368
noggin123456789,1419ca42-519b-398c-9760-0310de356609
thanhvu_em,fc37e4ba-43a3-394d-820d-8f20281c2122
euro1,cae9eefe-b5fb-3760-92d3-aec002c84025
totun,cfd0f09c-42b8-3b95-adf5-882bc81cb16f
oopsbincool,eb39d217-98e8-3308-a565-3071fc624bed
trung,bd4fd78c-69ed-3da1-9fd6-7d720baae386
thidang,43f38444-a8f8-339f-9d3c-39e381673ecc
town_tieuquy,a7e6820c-1759-3caa-b472-f3f0f9a5b0d1
phong,772e3339-fbdc-34f3-b8bc-60c301b899af
town_cutidinh,92423252-a94d-3bee-a833-1e91673c5a7b
longliemlon,bc1fb5ea-d4db-3262-b018-f62b4ff72e0e
tigerr_vn,0f89a91d-e43e-3217-bb68-e2e6735bf5ec
town_city,87a97f85-929e-3cdf-b73e-1dd24d00502b
linusmius05,4b4187ae-a28e-31b4-be9e-470eb5044499
town_lily006,16bcf674-f6c6-3e87-8aba-9a3dc95feb2a
linhthue2005,061c6754-0a38-3eb1-aceb-cef58c6d8156
bigg,7da7e149-3eee-3f11-8738-984dfdee6132
trollface_roser,e1093e19-354a-364d-a658-9a6b2299ac56
nhatminh123123,abefef7e-ef6d-32f8-b142-23b2117c1a84
boulderblaster39,7d909ba5-aa70-3f03-9d52-96bd351e0bf6
kakashi1,79729564-20a4-364b-be5b-64e21242c141
luan0147,8f9c44db-a173-3fb2-bcff-0db745460f95
minh_me147,06c27ea1-3666-39de-9bac-b247bbd05ed3
storm272,cda96ccc-97ed-34f0-a64d-eccc13114123
town_tybopppggss,e829d301-3d5f-3386-95af-0d4887b80986
majinbuu,432c3e0d-4d4f-3c5e-9aab-1a1882f02a83
___anh111___,2c69d239-6f1f-35c6-a3c2-8e13e6745751
gaming_gamer,31a7ef5b-f6cc-3371-9f0b-d395626fc2c1
kenoki,abf4653c-8c65-3667-bca9-1b26b46ac2ad
mrnam,bd75d909-6e0c-3291-b3c0-24dc320224ec
chi_girl,1d2e6ca9-4e81-3539-a682-cff57887a76b
omama446,bb30ee28-2b25-3120-8c78-54412b70b7b8
hhsh,c7146d7a-b74f-398d-b859-1df156ca9343
thanglungdk123,a0e86a21-d602-39ff-a80e-2f391debb8ef
awds,8cc8ad9c-492a-3290-a063-bd99b37fb7a9
town_anhtaidk123,4738bc6c-bf4e-3de8-af06-c31865e7058a
macnhusangvip11,01bfd7ca-0b16-3fcc-89e6-2acbf81e2cf3
phole,1ee81084-5e7e-3668-aed3-32bf5a759e85
bi_gaming,a0dc5634-56e3-3778-a539-4af00d023a8a
kit156,df77e98f-a145-30c2-aae6-5ba271d1bcd9
nhac,745c4ea2-f036-3bb5-a6c1-21a29f02b910
diamondcrock,7edba277-c4b5-3933-a5f1-f130cb29f444
test2,dda915f8-abf6-31e8-8221-e0eaa1f9c4c7
rubemcam,ee0066ca-dc85-3ffe-86b7-a4bd71f4b4fc
town_concec,e1782309-fdad-32ff-b5bd-7a0456ed1d25
vituyen170,856ab89a-726f-3a06-b26d-f2f0a0c30a5e
hallper,893fa66b-f15e-3f1e-8444-c7afe059082d
killer69,5030cceb-42b1-3263-a3e9-af258e40e72d
chan,69a4a2d4-a0c7-3706-8e37-9d204951ac8b
chal,709bf607-1b82-39c9-ae99-962236357057
lossi,98f63c6d-c475-3a45-aa22-e7dbd4d4a3d9
easwsw,3a6b795a-058e-3faf-b4e9-89bac23e39f6
balasa,ac02c01a-339c-3222-977c-9e73b1fdeb61
baomap,edda38e2-2481-3894-bfe4-8fb1e9ec0138
mr_doraemon,106436da-f5ca-3d0d-9831-a3e7e18f6f1c
phung123,1db8c675-fb7c-3266-8b1d-5c038f656515
town_gggggggggg,afc35aa6-92c0-3881-a16e-b7557ae7124e
guniv,c9c3e781-31a2-361c-8f39-d7e739a51dec
0903757895,a20571b5-7aa8-363b-99f4-cb3631d21550
halloween,3c52800d-d7d2-3612-aca5-ee7f0e82aabf
town_thienvuong,2bfde805-2334-3aa1-b4af-05314448a9c2
datgalaxydragon,fd27ca05-53a8-3d76-95af-b6d694cdd256
xlol154,0823209d-e13c-327f-be1a-37f70f864c88
town_tiphuong,2249750e-5d30-3fcd-b435-9a4354b7a52a
bim13112003,bec70587-46f5-3d8d-9d5f-7c2695b29865
bim13112002,156806f3-57ec-3ae3-a051-3cf1b9932860
trang_anh,d0fe8c3e-ce30-3011-a552-a05db6532da1
ochoa,902777b0-0020-3294-ae84-bb4c11e9462c
town_town_ca_phong_bui,5793d939-9632-378c-a1db-a74809eba9f9
mine108,3448596c-06eb-3d4d-a5b7-1229de6da4ee
town_dsad,f93e5279-d335-3362-b91b-1fd227196934
hung,14f2e91c-7c91-31af-becf-8b2c08f7644b
youfunk,5a4850c9-032c-38ac-8315-1b81b14fb495
d_3fuibs8ymoahps,f0886c38-645b-3815-a145-8d87072ffa77
mattahoo,3a892805-8ae9-33f1-b5b2-60663301d4c2
royaltime,5e56d12c-6aad-3b5a-89c1-82edba4f57b6
wsad,2efcc392-f25d-3a40-990d-e5eced237812
quy1,65fa00bb-97c1-3301-8c0d-2588f9967a77
administrator,34ef389f-c6dc-320e-bf49-ba8b34c0607f
bbgunone,bd762939-6c88-38a6-aebe-8a7937d8afcf
minhbear,79f0948d-1e56-3603-a872-68d7c59d961f
temo,62e4b9fa-3256-3a7b-b5f2-8481eaf1ae96
amsmu7d_avidozyn,40251e29-ace5-3ca9-bf4b-a28f79b23ae7
daragonsow,20c22c36-4972-3c5d-b1d2-cb7b11816854
danlaxx,27ba5a91-caf8-380f-804c-c41e906acb43
mr_nam,241ec503-5f12-3786-96e9-d8921b3def4a
town_kikila,5b4338e3-f90e-3971-adcc-bd07591ce233
theking,d5765fe5-23bd-31b7-b137-fc897cfa64c9
emngheo,404564bc-567c-376d-ab88-80e42c944321
town_teamlmht,1a958b57-1d81-30e0-8bb2-be8b42ee1c4d
stylevu,a4ae3bec-9e27-3dd8-9500-a021b974a6ec
town_luan17,8e98f0aa-aca9-3c9c-a2eb-5ae7282ba11c
sontrang,0e2692d2-ae40-3492-bf91-dd2f520a8357
phanbang,5ac747fb-6c81-36a7-afc4-ed0614227185
thanhtoan,227076b3-72df-3099-b082-fdc2e0a36772
nhocac,8e72651a-9b4e-3e41-9c2c-4f4710dfcbf1
killer,4c8520ee-9780-376d-a4aa-4f7f12618cc9
fgrwefgwf,5680e85c-6d45-3dcd-a319-2887f8ba870e
haychat,0285f149-518e-312b-8d41-0d72fa927032
mon08,a33d91e4-7596-335f-98c2-1f89fd82203b
minetroll,71ab3760-6260-3035-85a9-8359e8133f3a
town_123,1c917277-1a36-3485-941a-d8784e8c9082
anh_532,6ce2f9fe-95be-3381-8c8e-38e7fa4e158e
mon07,55a71584-5579-3f97-86a5-9eb9b9bb1687
mr_ll_ls,6ebb672d-f101-3cc6-865a-ea6553e68c76
lufy,ffa4a6cc-ccec-34db-9afb-47679e932ec6
njghja,953d1aa0-d954-3e36-9c85-5063af3012ee
dragonkill,2e655bd4-6409-3779-8916-8f8c54d50aee
nhocviprong2004,53fd83b6-cb1b-3563-b726-10d48588c038
trank,586bcc0b-1af4-3e1a-9257-c30b1a8c1d2f
huyenheo1998,165433b8-44fd-330d-bc97-c3951d225d56
rinrin0k,af90b93b-5707-317c-8e76-101f31c88d4c
town_anhtrung,3ae20288-6e82-3265-95eb-6e948f4917f8
town_felltom,f02bbef3-eba2-3b44-8222-3c9c80787e71
whynot_pro,f4da57f2-3930-3e1d-8c1e-bb5d2d16f042
auco930,094b9d3b-5f58-30b1-aa11-0decc538588e
town_hainhobe789,e1c89cb3-57ab-3879-89c8-32b6d4d30550
cutiphun,46038b2d-3dfa-348b-be58-3700af04491b
selena_gomez,a91a9bd1-fe8c-3350-86cb-69062e12d3a3
cuernosmom,46c29c82-a3fa-32aa-9597-206f3965bb30
ay0_,0d68c4f9-4c76-330d-8606-7c5cc7e1b43a
hanyeuoi,195505c8-c743-3ba4-a6c6-4dc415890c95
town_admin,b830517a-947d-3117-8a3b-2d6a2bb52ad9
quyen,54f9e796-385f-308e-b9b0-93c5292df565
cudo,d4737a86-a990-3b03-9425-c05393f6cc1d
anhmanhnhat,7a5397e2-e366-37b6-8dae-5bd743f80ba8
hieupqkg158,3821780e-ecf9-3f77-9ca8-eaddf7d8a202
thanhranhroi,f328f40a-423f-3fb7-8294-cae54bdea468
cutiphuc,29c9ca4e-3755-3503-819c-9750d0e5d696
sdsd,11769678-3fe1-3ea2-a75f-4c0f5e2b76c8
skycott,4889d401-1cd8-3516-b6f0-63513ca5205c
anhloz,41da4b98-d822-30bf-a1fb-189618b04377
lily006,d1b3b099-96d1-39fd-8da0-91e3017396f8
cuongyeusinhli,f1a77ddd-1fcd-3fb3-8a1b-168649b52723
town_huyenpig,c5df063a-7e30-3be2-9690-783a8bc97f07
mine,f2de4088-89f9-3162-b334-50698f1c6a53
mairl,9e18df82-77d5-395d-8ffe-45d027246cef
salmar2,abd9fd21-da66-3a50-8cf3-d9d474113adf
pvp_hax,782909ba-12cd-3f63-9dcf-3067ec1d294e
town_dargon_citi,cbcdb765-d6c3-3a09-8841-85503e07e7db
hoagamer,999c06d0-2831-32c1-b5bf-084e792c9bd6
tanker,d34ed4f9-c7fd-3c7c-97eb-8c0f8917d58c
kietispro,86fe15ae-e748-32e7-8553-849f1678ccb5
food,04cf000c-385f-32d1-9b32-daad14ee7d45
town_dragon_ball,9927bca3-cdf7-303d-af7f-f984ca20bbfc
town_uchiha_sasuke,317827c7-8e5c-3fce-a94d-882f4372cefb
cong_nuong,b3ca535b-8c97-386e-9107-44c1ec736b77
a_hai_kiet,dd2edbed-2877-3874-a190-3a6648468b55
datk163,cce76e6b-f058-35a3-a385-64f2a6cb2269
asfdf,8403cfd0-05a6-3e64-a39e-e025989f054d
lethuctran,902b1d2c-8df1-34e1-8b44-d8061d738341
dragongamer,b3383bc2-e193-38ec-ab67-ccef44d4fa49
dragon_citi,e2665f59-928e-3198-a152-3f8bfb0a4407
skipman,21f99920-44fc-332b-a65b-b6e68ded79fc
bacaboy,e89b6666-8890-3088-a5e0-fa00735cea7f
kakata,b2ad1a7a-550b-3c53-9c31-26690bac6616
niken,2064e15f-13e3-3f98-ac40-37f63790ef86
nikem,b7748106-e9fb-34fc-8596-0fe790b073d0
akiraton,3f0425bc-233a-3d65-9a01-4f074f567e67
ml_b_monster,449381e0-7d0e-3d6e-9d4e-5b26b0733d81
xray,ab5b6df6-f667-38ef-8a0a-f8beb75b8345
temo_lmht,5e028d4a-8d38-3d98-ab0a-b53324b369f1
lucdaotiennhan,f77abc4b-2dc6-3a38-94d1-0cd9d823b4dd
anh_timo,461e13ae-76e0-32fc-a17b-215944c641cf
cutphun,4e343547-1a07-32a4-b0f7-5814037d4fd9
foidzaflow,78011d89-e248-3746-9b80-a9391be70993
djnarkasa,a6018761-7e4b-30c9-a96c-ad9aac2a8c92
town_rivaslehder,4e0b7bca-7b70-3ead-aa2b-04d7c586a7db
town_thienvuongs,26e2517f-8beb-305d-984f-123ed8e2cc33
test,530fa97a-357f-3c19-94d3-0c5c65c18fe8
chickken,5671f965-7e0d-399c-9dbb-9a50fe0b7d8a
nhoxdragon1,39d4a587-c595-35d9-a3c0-9a24342f0209
tranmaithuuyen,abae8013-c126-3495-84a7-758d66776e01
tam8,021559ef-2b47-37c8-8d46-f666d916848a
hoaprivate1a,8ff6fb1c-0c34-37db-b776-60e39b2774ad
culi123,a2d04f42-5571-3516-82b0-993fa4578ce3
phuocdz,39330a21-820e-3e63-b8dc-933a50c0ec66
nanan,4bced134-2f6e-3479-b5c5-afd6723d695c
itachi_vn202,1314fc5b-3304-3ecb-a745-c527cbcbfbfe
ananga,0725e77c-aedf-3e46-b7f7-f5b79f3e9623
minhbeautiful,b6023243-ee7a-3da9-a17e-96be63411757
thinhhiv,5cadb64e-9f9f-3236-80b2-579f1a174773
tytryru,4d64e509-cbde-3fc0-89cd-544009d8f898
hktmg,443aa37b-0bb0-3b0c-86f7-6939f8420e6b
blank,a54961dc-5b9a-35e5-b1f5-92fcfb9018d2
s2hoangtien,d89e795d-f81d-317b-a767-0cc032c12094
biss,82f7dce1-946a-3570-8c20-de86d5af6394
phuvippro,fde5efed-a3f3-30c2-83f6-85b44763b997
skill,31112f99-c8a0-3058-ab47-8528c6950e3e
town_hung,76ee1269-ee89-39fc-b590-e844899c4543
town_coaldiamond,5c20a88d-25b9-36f5-872d-7329d69fb7f4
vietnam_z,a631eeb1-0741-379b-b2c7-1a965965ef72
thanhtoan1210,d676d531-2ce4-30ef-8e30-686ff438d994
lakehkehdemojito,1edbedb9-21a7-3ff7-b049-a04f7e3dcdc2
gi,c8f19297-89d6-3fca-824b-b1e1c14d51ed
solwolf,c4ef7807-f1f4-3c21-90f7-41c2611dd6f5
cuongxemsex,3866fd44-377f-33c2-be28-31902c9bf855
dragonkiller,191457c5-3ce7-30a5-8cfd-5e37a2ab2a9b
kakong548,9bbdef3f-b775-367b-b5ad-6c12db61deda
lulugamer6969,ebcc5a05-195f-3b19-beab-87129372c484
vip_147,43007167-be3c-3c2b-a43b-a4c33c4f83be
minato,85902e3f-5ca9-3302-9f20-e8d3055f2b78
fybit1,e66c5c39-6771-3b17-b5c9-ddb22f58b63a
town_dragon,9dd325f5-d91f-35f2-b068-688f46c3df08
thu10,2918beb7-0584-3e75-9a92-16f13a3e92bb
luli,3d3926f6-edbe-3086-8569-7832e9e04d15
lion_king,65b8d4af-5a51-3c04-a5ad-55c2af415ea4
rabittime,deafc778-9bb0-335d-ba3b-8de65ea11cb6
town_nhatancuanat,fa8c517f-e1d5-36c7-b6c7-7e7d13e10b96
thien75,eb1a731a-7c2c-3425-880e-c610e154906d
asdasdasdad,1dd24c28-83dd-3018-809c-46a4d3e7ebbf
baoanuttieu,1edd24a6-1e4b-31c1-889b-af7214ab04d2
hieu1,711b5af0-6252-3df1-bd83-dd7da1b20b90
namvn123,c27d4bd1-a6dd-318f-a671-87efd6f4e7fd
nhixinh123,fe9c609d-87f2-3ff7-a0c4-21fe03ff4693
anh_chap,d1956b35-cfe8-3059-924e-2b4eacbe1a26
marka,b73d0b6a-b1a7-3d3b-ad48-7c9b4f2018a9
alex_mario,6b406a9f-6327-39cb-b1a5-8e063d0af072
phuc113,d6cfb24d-27d8-38ee-a6f1-07810ebd0540
hoqqantam,9dd6f8e0-b568-3c93-97d1-85a0c5eab350
kikila,90289391-2edd-3531-8baf-cfe82377274c
00sacrox00_,59822228-b88f-3595-a3b0-1943c4e6bb6f
legendaryboy_hd,ec673b03-d988-305b-90dc-d0ddd3644f21
reg147,c029ceb7-e844-3bca-8d31-aae808cad00b
khoi8a7,450503c9-8f07-3242-a46e-e6cbe803db62
xaloax,b84e274c-5fb8-307b-9841-dba4b1e3b561
boicf789,ea003359-2811-3d12-bcc9-865613578d49
house_tipro0100,caa893ce-73cc-3729-853c-f2b23f0dbea2
tjuunob3wfncyd5b,0b1dca60-c196-3a59-bb35-3420d9075a62
vip15689,ac4b78c8-e7dc-34c7-b771-15adef12d599
fybit11,4ab793a6-3db7-3e5b-be5a-7cb191e8544d
anh_ba_thoi,51ebb698-06f1-31b8-91de-dc66017900a7
towny_war_chest,8895c16c-cfae-3603-b813-f8649db09290
dragonkillrt,c43e98aa-ff0f-334b-a571-1889a54f9536
thien,6fac357c-1d75-3c23-ace8-9f68a0da7efb
town_dark_dragon1,e23ee830-69d1-30c6-9d94-bc750258fa62
cutiphong,94d54bf8-f673-346e-87bb-9015186dba02
vip_14789,d79a5784-102c-318c-a68f-5ba39f8e8497
emkokok2,4be422c7-5837-3b4b-b806-eaa5b5326580
nikke,f4bb09e6-064e-347f-a5b4-cd102b365f71
acquysicola,99f509db-a8b6-3307-9be3-40c1b21f1bb1
tach_gaming,faa600f0-cded-3e5f-98d2-8249615b66ee
town_cutiphun,c08e3bdd-d833-343a-a73d-41e1b72b1c27
mrgs,70255659-41ba-3570-a5aa-2d8fc9612cf5
demonshuu,4fb94151-851d-3c07-8153-eac5ba40f3c2
thinhlh,bd45ca33-8ac1-349c-b8e0-1c172dc8e2e2
skt456,2459663c-0612-3c8d-9264-027e830edc60
naruto,42392cac-8d70-3e32-a056-209184e73aec
troskitugamer,629ed935-cad5-3e2a-8749-50f8377d3013
fuckbitch,54d24dfc-d155-3da2-9f04-7104ab820060
mynguyen,9922e548-9f83-3e9a-88d7-e9c444585f45
nikenn,29ad7dc9-2360-345b-9c97-92b7a282fc40
tiachop1,73552ba4-aa9a-3d3b-b42e-e2e94c305299
mail,fc79b4a9-15e5-3ae7-924e-2614cafb60f1
omgovergame,24b9e210-a19e-3a29-8206-fd7515145d16
casino,f5502e49-8b9a-382c-90ff-31240a0ff593
mr_roberrt,a2deebde-6c13-3e8d-99a6-64cc036095d1
lucdaoyiennhan,19b69860-af28-3c12-92c8-aea998abd0a8
tpro,e6e9e05f-5761-34d6-b308-2481155f2ea6
woft,b9b4965e-8abe-3502-8890-0abfdbce3a71
town_nguyendat123,8cdd824c-df91-36d2-9677-91d36ba4c81f
pvp_yasuo,55deaa06-fd53-36f5-a06f-6d8f0af1d146
anhbaodk123,ae9410ed-3516-3d8e-84e8-998b72f5d329
kaylakutie,d88a8c30-32ca-31df-b6b8-3b40594b061c
kaito,88946485-7f55-3b01-beef-97abf13782ba
test01,e2ff977c-4332-318a-8430-e310fe32693d
nhocac123,d04c7c59-e485-3d2f-b78b-f1990fb6d9f8
thanhz,69153a55-fead-365f-bd74-917eb66d36be
thanhtrymto,d14cca28-f4a1-375b-a8a2-3b64a35893d8
jjajaa,87e42402-70b1-32e0-a344-c623365443a6
ghgf,fb5cdf4d-16fd-3086-a601-3099c3fbfad2
quyendanh,dd614763-5f40-3975-a1bf-409a21d9bc2b
hahsdj,e1cc3c38-808a-38df-8cf2-bee0dcbddd2a
vip_125489,1f7fae7d-5acd-385f-bed2-4faa627a92f6
phat_bcs123456,2b945a07-3cbb-3197-a24b-ce7e8eefc0bd
gripex,d0a42769-fa3b-33ac-8c2e-8df92e5e67f9
kuken11,b0105d0c-8919-33eb-8e67-7254e2f34b49
kaaaak555,83036bf7-2767-3366-9ee4-f8f40640eaf6
kirito,08a6a7ce-526a-3e3f-b0d3-7509efce8398
ngugugug,a2115174-d4cd-3069-a5a6-4dd07bbfb677
taolao,206d01f4-fc57-3603-bf66-7a1ae28256d6
himan2016,24466004-8937-3caf-be58-d17e2d532389
jokertheminer,1b63c21d-66fc-39ad-a8dc-00a8aa3303a2
town_dragon_ssz,60602342-56de-329e-b0c3-3a7411844df6
phongvute11456,1a485257-725a-3df8-a03f-2346e15c366f
noobgaming951,c70e5a1b-211e-3536-9938-40314679164f
anhbaodk147,d89966d0-97a5-3802-81d3-96d196959cac
ngoc3698,5c7992e2-f1a2-35f9-9131-e1c0bb2b33a4
adawaaaa,b65584ca-3881-319e-a9f6-07dc2facd1d4
duythinh,a61ebcb4-6704-3bf7-92cb-9a27167437f8
khanhvy1,cc168768-989c-3529-9ec1-b5cabb007855
town_aenhata,28d3e55f-636a-3620-8586-4a5678ffdf38
veenix,406ab149-bcd6-33cb-a498-d438ae729553
ckynet,b72aa287-f8db-34f1-b483-556e3269bd9b
songveset,a4590ff9-272e-3326-869b-b11a8738bf89
rtgwgtergre,3a986992-3cb0-327a-b899-069c511ba52f
ran147,858abfb3-90ed-3de7-8f04-6eff2bdbf861
chuu,55df11a4-ac36-3f21-84d1-548fecde8b0f
anhtaidk189,903bce06-6188-3e67-b97f-5deaac34d810
dikka,21ba86f5-226c-3d58-b06d-dfdcb8d05e90
skt258,d48db5c7-63c2-3046-9387-1a4f2f3e2812
cuongcoi,a52dfdda-6210-359b-80d5-658589cca93b
hihi,69f783d0-18cc-390b-9846-ff38e1138de6
taola_hieu,c7b20abb-998b-38f5-922a-70a8e6c33770
town_namvn123,be8f9f79-3730-3f1a-bf98-6ac111805a88
idosi,1d3be91d-e429-3fa0-b73b-0678947a2e30
osincuabx,f3263939-0f60-34dc-8d2e-a766987e17ae
darknightks,9ff45c62-7ac1-3e0a-847e-05f8ccc6041a
redygamingvn,2c77c79d-8bc4-3d86-b92b-b5a3a362110d
sdsfd,04f38e35-02e8-314e-994f-5bea8998cc37
shizune,4f5193f8-bb22-377e-b050-9ffe31162146
keohu3,58ce9050-769f-38d5-94a0-6c232e60f183
town_fire,a3c74d7c-c55f-3c2f-9561-afdad3338fea
keohu5,84d99901-2796-3a0c-aa39-8f2f6feb9298
baoantrt12,e96490ee-374e-3ef1-8308-509cb2aa1f8a
nhi00,833aa1a1-5639-31b0-be77-e90b82afd0b6
town_lmht,8c6b09ea-b125-3733-a2c8-657ebcb9998d
anhminhdk1234,63880062-45c4-3e87-9386-7565acdbf8c5
loks,bf3f5aec-659f-3a4b-93ce-3c685103441f
pokegirl2,93191509-0fd8-3246-8ff7-147e39849dfc
jaki_natsumi,9d6b292f-a7b2-3594-98aa-520de9397443
town____anh11___,03f7375b-c37b-3293-abef-3d62f1816aab
killpakill,4a84ce3a-38e1-3a21-9b98-e7246bc8fdd5
yhjhhg,5827a73e-16b5-3e8d-adb7-95005bc17b6d
kithero,61a71933-7baa-38be-8f93-3c6b1e8667c8
town_tuan,247df67a-56d5-3f7b-9d7e-5988ac5b9cf4
gggggggggggg,da72e372-888c-3117-a154-fc31cf32096c
khoa2017,55548f82-0e2c-32b6-a165-7f52f1a067ce
wirex,55353876-63ca-3e33-8036-7bdfe891725b
khoa2014,460fa539-a2b9-3cfa-9909-c6afc16b668b
town_hikari,52aa5cab-0fd7-3fac-9376-5136b2426b0f
dragon_vn,57454ccf-2c95-30c5-9dae-25baf7e89b40
duccongcu1,a003315e-0470-3b0a-aa7b-3c10876c4849
town_hau237,ba427bf2-90e2-345b-b2b0-f8d6741abf6d
6sjb1q_m3c5rumhe,02ba1f1c-95d4-3bcc-a4cd-36cf7560ce11
fkgfhug,ae5fe0ff-bad3-30d2-9b95-0b5f20812972
thesesyboy,abfa41cc-147a-39cf-a675-475190cc4ace
siheajva0xqehvvw,52037e02-391a-3e0c-bb88-43de9ddc30a6
bibanbeo,0aefc06e-97a8-3850-83ac-33e39aa5e3d4
town_minh_me,f326daf6-0303-376b-9b79-730a4e684f74
town_coaldiamind,ee262975-9738-38b8-824e-8f8a21480039
kkami,116973db-b6f5-358a-b801-b73eb8ffd88c
huyenpig,26d55a08-db89-3812-a407-6e1bd26400b6
knnn,9b0bea37-a2fa-39d8-ac85-f9fa2b587796
shawdow,fd254e88-9bbd-36a8-904f-70acd684b755
chihung,02ea2fc8-11a5-3272-8124-b1ef8ba2c247
ottrauar,1aebe88e-7c8f-37c3-befc-33c067d803be
nhat123,90d031da-5147-368f-b37c-1e9d89d364d3
town_suunhitown,997fef2d-25c8-3a7e-a358-fca542991524
tuan,28710b25-a91b-3c6a-a81b-3275e2ddad4b
yasuo0113,708494aa-7a4a-3cf1-9838-895f5e737a7e
8tfatzbxkkaaquex,89a85a02-9237-3c48-968c-267648848df0
ben_12589,87fc178f-8e39-3cfe-b4e9-5a321d4dae4a
town_nguyentran,30e89063-6a3a-3437-91b0-9ceba256dfcf
aimabik123,0f391b31-e6d0-3231-8f68-312c2104ea7f
thanhphangaming,4be2d391-d135-3ce1-8877-8cf62ba777fa
kunzed02,f115bb53-9ada-3c57-9fa2-eb9d3d098fdd
wolf,ee8694ea-fd3e-3147-b6b9-091b6ee967a3
cakhotapboi,657b6e8d-b3b6-3d15-9cf4-fbe8dacd53a6
zenus,68b056d8-c290-3643-8845-e3e0c845fe02
viplanh123,71b1a845-ac3a-3f67-8198-1c23ce30a386
nhocshok03,475dc488-c000-340a-b529-cf8c75bb8251
daichiensung,a65b0be0-54c1-3c4b-978f-3a6031e4a2b9
miklidek,63e83d62-6529-3eeb-a73f-8b21eb7d54f3
town_phatpro,41719101-5709-3696-9f84-f274f9bcc408
tykenton,e794834f-f274-3988-bfd5-c48d5e896e28
leemax803,e85cd2ce-63da-3479-9b87-3361c910de98
elelmental123,455eddde-c0b2-3c16-a51b-8576bf70d3ae
talas,e5b1c7de-5cc7-32a1-8447-ecf84724ca38
baoketban123,a52bbfe6-17c3-3d81-a155-cf4ae89fda8d
baomap123,43a8faf9-9b90-3abc-a138-dbb3a3c8e83e
bong_dem,a9234dda-21e2-3329-a605-49dff5c43dde
pathd,b2f1448c-b49c-3a5b-b3bd-0aff84e446b0
anhyeu_baxa,4f816480-47bf-38fb-b11a-bba02f150583
fybit,ffe171c8-224e-3c82-bec9-b1c0efa3b8a6
balusa,1fc7b5fa-8717-3e1f-9677-e5157eccdbcd
sniper,0ef8ce01-f77e-3899-b2bf-a9307885f077
ye8xmjib9cllixmr,39f92631-ec2e-3cb9-9ac6-a40862e35a57
belenmc,9ac09196-9c1c-3d00-ae85-e86374433aa7
meno123,ee6bf4a0-ebdb-3ed6-ab63-9a8803150a84
fqefw,f931be70-63c4-34b8-b1ce-48139a00b28c
mmai14789,22c92255-36d8-3c35-9eb9-c78a7f07a03d
yeuemnhieu,cb836062-996a-3387-a199-4db135a90326
aquamy,b84cacf1-efe6-33d1-b978-c6741fd65bff
diana,2762991b-671f-3c36-82f5-c8b744e2923c
nhok_lun,d6067937-c173-3e77-a96e-556b780ced13
skt1,0e7757bd-4f67-3399-8943-f9b4a172675b
kassadin,0523f568-a9dc-3822-a25f-e6f0a1ac17bc
duongnightcore,a7031305-4a1b-3a63-849b-ac36f9893a33
hungan7a8,fb4b0111-6673-36d8-a87b-0ecf18e87640
fidddlestick,7464ba01-d63d-3c8f-a817-4b5f5235a184
teeit,65ef9f6f-d6fb-35bb-842b-0ee5a6e1f5d7
nhut123,528b49de-8d25-3c6d-8ca3-82fb1f8416bc
boo1234,06431033-17d0-3d88-a8fe-68c030a9e339
monster_hydra,9966e7ce-70a9-3592-8783-f9c0eedf976d
son0218,cf618ddd-555b-313f-83ad-76933821b880
choirieng,3c74e82c-7b18-334d-9bc7-bd00e8bf3ab1
anhan,b59b99df-6d9e-3442-9b16-7fe6fcd70cd2
vip_1539,f30d3ba7-bb31-3eef-a280-0227152b207d
touya26483,563dd5b2-95ec-3177-851b-eabd716c7da4
popty,136781ee-950b-3738-81d2-6ef0de3a0a90
buulanduong,fbb18334-99f6-3c08-97b4-f639963e3563
pleyboy,392536e0-d547-37fb-a2a0-9b74ba1454be
town_huyenheo,89a6d264-1c56-3801-b843-77e073a46a00
hieu_456,29ca1708-440b-3743-b749-bb493e6a57d7
katze2008,8ccf0af6-8af0-303a-ad50-98f04831c5bc
alpha_alex33,4a5837af-b56d-362d-b14a-148c0a936d8c
anyeuthuyen,568f679e-c38f-3729-857e-1a2a4c8958a8
kiler_vn,07961799-bbfd-3917-afec-f94927bade7e
tuham,8dfc8743-4e34-37cc-b485-59a0baa10e27
town_syaoran,307cd99f-f463-37e5-b52c-04d971dcadb8
thuanpham,7b8180a1-ecc3-3c59-a907-484c8e6642f9
tabg123,833bb2f8-ab05-3bab-b599-d487bd3200fb
myxinhgai1,a3bb9de3-9017-3608-8c18-efc33a058fc0
skylake,5b584f6c-500d-3d9c-8099-ce207edc2d6a
ggggggggggg,4637c011-595b-3401-8294-138cb49e8c20
megazero34,b061ff8c-7143-3129-9024-1b45dbb15f76
minelg,128e9dda-cae6-39dd-a8b3-60f8bb0d1659
hayqen12345,80cab563-d028-37c9-a80b-1874ab4344bd
asdfghjkl,a58ddc7c-9c02-3a64-8953-c03499cc20c9
haido,4c742f84-0b86-3a76-b94f-4c9c2a2a3499
hau237,9047f220-0eba-3285-8b0d-ca3ae3a8e63e
ngochihi,915f0055-f33b-3687-92d0-dd0e8f4bc5b8
town_bim,64d25bd1-6b2c-3c81-81cc-a43a5f84ac9b
1234567thoi,85b99067-fcd5-370b-ab5d-360db36dd136
tester,dd823a0c-b94a-369f-acd6-ddd287e3180e
killpatkill,479a9441-ee05-3ca0-b5a4-1927f19b3392
jayking,336b8279-fded-3c7a-b9e5-af2a8e2cafba
dinhyeunhiff,31b4c10e-a7d9-32dc-a859-ae6291ec9f39
linhdapthue,052ad172-f1c4-3525-96c0-040a97602cd4
shi_xu_ka,6ea9f0bb-9c0e-3962-9605-e152ffdd5350
rubencam,b8674625-c0a0-32f7-b3a2-e2d7cc803a3f
bencam123,f692c082-1f36-39a4-85e7-a60acb836383
dangmc,99caa008-3518-3ce5-93e3-d15a1324ebfb
trieuvip,bf195878-c56e-3b8d-b9c2-312e2d89bcb3
cocapepsi,b92b0178-5b9f-3baa-8ab2-20526718681f
nhigopt1230,2ce3d96b-cb10-39d2-b7cc-7bdaafd89f03
tritri2132,f61f6c0b-8b8f-32fc-97aa-86017bde9d92
fgyhrtghfghfgh,e0bfc395-afd0-319e-8eaf-7027a89bb889
testdk,4b1a2a21-8838-348e-9e9e-14aab28b656f
town_soaica,670964ab-f681-3bdb-8fe4-1ac32e180a94
minhsang,81a24fb7-9d86-30f9-9b08-ce89a9374cd6
nation_minelg,fce90fe8-42e7-3448-9518-21b63e3574ce
esaaaa,9a0d12a7-da97-3e96-98e6-3f3384f2a924
tin11856,b041221b-6e83-3e4c-ba3b-150baf86b3c8
anhminhdk123,67b7e62f-a3f1-3d10-a524-1e6cc75c8bb1
mr_thua_ls,420f63c1-0e1f-34f0-ac76-539103b614f4
dasda,589af708-dd5c-3375-a416-541b9118338e
heohong,7d1869ce-a344-32c7-be98-ac085e59b9dd
hungvip2016,5ff85a72-9b54-39af-a457-020e2d7c1137
darkdragon,11026e90-5a49-371f-b923-bdd655c8734e
mike_leviard,8debe03a-9032-3b03-af35-ab3748e857e7
xlender111,f9287f74-0463-303d-8b50-47e936efd860
boybao,2dd3fea6-65e9-344b-845b-fc4e14a8182b
shisui_,e868c9fb-417b-3b3b-8a7f-833a62560e0a
nguyendinhkhanh,b3c4046d-eca2-3a39-b4e0-c96f3ed9c0dd
town_rubencam,0bfbf02d-40b9-3193-946e-0d9a01a812bf
notch0908,f387398b-2098-3cf5-a5a4-9279a4a22868
adluadao,78757ed1-e56d-3063-bc0c-f0b95c17c4a5
dqt22wqorq4r0btk,f8fc2db6-0f79-33cf-9fe8-b89b21ac4a3f
quang,82583a50-84c0-3e48-8cb7-a4789969b41d
rappertun,d04b3f8f-e96f-3fb2-b824-bb5933264c7e
anhlavip,8e60feca-40a2-3423-833a-44eccea6a0b5
hackerkiller,e3c3f44d-2191-3751-a258-ebd0664c8055
event,d81c7694-7928-3327-9de8-c6640f3be832
trollergamer,a2d2419a-bf92-3855-bc6b-aa90a4e03f6c
xoxo000,e4e5e6a0-de48-315a-9af4-bd9ccb2e27fb
phuvippro456789,9e871baf-6c79-32d4-bf5a-a56cd12f7cae
nhatsky,c7473fbe-f350-3f64-bea4-86e6e2921448
cool,7f76284c-4c69-35b3-8d98-b2b2489ae826
fizz,50d8784f-57b6-349a-9949-e38b7c77b213
tetsai,76b55ffd-83b6-3c1c-a9fa-c0b68a7c143d
yukee,9e2a77f6-1fc5-30c8-9f4a-952bf2028631
kocmo,7abc0e21-b6c5-3f2c-8618-0ac12868fd10
mail2,d48a5532-3a8c-3f8d-a330-bbc2be9bc375
mail1,8c0833b5-3c78-35fb-b5e5-e0438993cc0a
town_lucdaotiennhan,47351f54-a7c4-3ccd-bc83-01889bd75b4f
thepvpking510,7554dd07-3ebc-38a7-b200-650c9e5e2e3f
bigboy1038,2174760b-969d-3188-b12c-f5d9f0972a72
thanglungdk012,e4ece7ce-6810-370d-81fd-5ed9538a482c
tro_123,84f93343-f29c-3854-9662-eb736a6feb91
craft,f3859eea-236c-37f1-bbee-de5d6cd72eea
meocon,efec12e2-f443-3218-913e-8aecdeb78f42
town_fire_,231e9dea-223e-37aa-ba23-60473dc125ab
z0ro,5f302fdb-0579-3bd2-a527-701ae7c90cb1
mr_tuan_ls,5020a1f7-7cdf-3f25-9cc3-5b8da5e722da
loanpham,b30aa93d-b546-3a60-8616-5b0605d95245
shitdown,33dd5386-0e81-384f-a133-1ba3901fdbf4
siubien147,5299c0d9-4a16-3c20-b98f-dd1249267554
phupro444,35590949-360a-3602-af7c-4163d0a7889d
nhi_tran,eadeeb03-329c-3e24-83f3-9dbfb4a6e880
bisstass,d5487c59-ae8d-3b25-adb1-f206d66d3205
adminshop,c1b182e6-8a59-30c3-b871-86750f7a0b8f
duyanh,817faf35-0866-3899-ae5c-a6fa8efd85a6
yatokami,f3925b13-a17c-361a-83a3-9549d343703d
chanvl2,9e4f6618-c881-3907-a8ea-50bd6ad1e791
town_huyn,935e5167-1128-3490-9c01-fd0ce79c1438
duvip158963,c4bcb7dd-a3c8-395d-8e85-09f77c602713
town_suppermine,6219e895-7ab6-3fd6-b2ae-53b1e718cb31
kddd,6649e31d-4e2f-34e2-a5f0-0fc72f4d5d75
point15,b9c4b055-2bb2-3f25-958d-a44b15754439
llkkk,07cc85dc-961c-378a-bd2d-df2548a0cf6a
trungmax2016,7824a6a1-7b9c-3d4d-91c1-454be03cca93
tcnhn,8c347468-7eee-3425-871f-013d0cea35d0
town_nasusgankteam,64c3536c-d477-3c0b-8b0f-de3d59cce180
aloha123,a5163e68-c09a-3a71-a781-28a5cdd1a4ca
craff,383b2393-17d0-398c-b04f-11b99fed29aa
md_5,c70f922a-984d-37b1-94a2-58bf198a55e5
binh113,18937f3c-5cdd-34a4-9607-11f31d815c57
town_ckynet,0cb72941-d776-3bd7-b3eb-5d49adf0c073
youtube,782a0e08-1c0c-366f-972c-543ec5ef69f0
nguyentran,fadd7f22-ff94-3ce0-a189-2ad4204c10a2
tit2031,e369d934-7daf-3587-8e13-127df68306c2
khoi,6a6d7675-3a20-36b4-aa36-aa847c2ace69
tiger_vn,40bdf594-933c-3f87-9a72-d63e6484e498
thanhpro85,3413ef66-cc5d-3b05-9724-43ffc2c20b8c
vayne,750e297d-0192-35f2-b048-849b61ccbbc7
vincent,d5b36370-e586-31c5-920c-940cdd0f7507
longtran,e90d7afc-89bf-3e0d-945b-3015242b9d39
town_test,99f32c9b-1e2f-3b93-ae61-5e69bd262e4a
khanhzorz0roo,cb85f7b2-acc8-36e1-914b-bc572bb592fe
gaugaugamer,9fb93fb4-6c66-3df9-a227-c2297972f7be
town_minetroll,aa955e68-070e-342e-a51c-9b0f2083606a
jazsoccer11,8ca5fa55-d24f-31ce-8370-0915fc2814d7
khoa,08c3ece0-84d1-3610-b82f-18a2c41b962c
___anh11___,9b931b78-2040-3718-8a57-4be7e617fa18
aduvailin,ef8ae925-3f07-3d32-8cd4-792ad109802d
rivas,f111f171-4041-34af-9023-f76f30305b9b
ducanh,5f4d086c-58a0-33f9-b5a7-6357f2077b71
luxubu,463521c3-892b-31e2-89bf-1229156e2dfe
maingu,9b0f7cbe-38a2-3297-8007-03ce5ed6142a
jorkertheminer,a2b7e7d2-d20c-34ee-a5b9-a5b8b91dc804
vnkr01,d6f7488e-ba76-3494-8558-5295f4af5992
hayppla,aead8001-6e68-3555-a383-f9eb945afb41
